{"cameraMode":{"drawMode":0,"name":"Shaded","section":"Shading Mode"},"sceneLighting":true,"audioPlay":false,"sceneViewState":{"m_AlwaysRefresh":false,"showFog":true,"showSkybox":true,"showFlares":true,"showImageEffects":true,"showParticleSystems":true,"showVisualEffectGraphs":true,"m_FxEnabled":true},"in2DMode":false,"pivot":{"x":1.2695703506469727,"y":0.7532038688659668,"z":-6.0513129234313969},"rotation":{"x":0.19407737255096436,"y":0.6859134435653687,"z":-0.19783946871757508,"w":0.6728709936141968},"size":4.345597743988037,"orthographic":false}