{"cameraMode":{"drawMode":0,"name":"Shaded","section":"Shading Mode"},"sceneLighting":true,"audioPlay":false,"sceneViewState":{"m_AlwaysRefresh":false,"showFog":true,"showSkybox":true,"showFlares":true,"showImageEffects":true,"showParticleSystems":true,"showVisualEffectGraphs":true,"m_FxEnabled":true},"in2DMode":false,"pivot":{"x":23.062419891357423,"y":-17.11412811279297,"z":11.539337158203125},"rotation":{"x":0.21208715438842774,"y":0.47852224111557009,"z":-0.12030607461929321,"w":0.8435685038566589},"size":27.184988021850587,"orthographic":false}